,itemid,label,fluid,category
0,50801,Alveolar-arterial Gradient,Blood,Blood Gas
1,50802,Base Excess,Blood,Blood Gas
2,50803,"Calculated Bicarbonate, Whole Blood",Blood,Blood Gas
3,50804,Calculated Total CO2,Blood,Blood Gas
4,50805,Carboxyhemoglobin,Blood,Blood Gas
5,50806,"Chloride, Whole Blood",Blood,Blood Gas
6,50808,Free Calcium,Blood,Blood Gas
7,50809,Glucose,Blood,Blood Gas
8,50810,"Hematocrit, Calculated",Blood,Blood Gas
9,50811,Hemoglobin,Blood,Blood Gas
10,50812,Intubated,Blood,Blood Gas
11,50813,Lactate,Blood,Blood Gas
12,50814,Methemoglobin,Blood,Blood Gas
13,50815,O2 Flow,Blood,Blood Gas
14,50816,Oxygen,Blood,Blood Gas
15,50817,Oxygen Saturation,Blood,Blood Gas
16,50818,pCO2,Blood,Blood Gas
17,50819,PEEP,Blood,Blood Gas
18,50820,pH,Blood,Blood Gas
19,50821,pO2,Blood,Blood Gas
20,50822,"Potassium, Whole Blood",Blood,Blood Gas
21,50823,Required O2,Blood,Blood Gas
22,50824,"Sodium, Whole Blood",Blood,Blood Gas
23,50825,Temperature,Blood,Blood Gas
24,50826,Tidal Volume,Blood,Blood Gas
25,50827,Ventilation Rate,Blood,Blood Gas
26,50828,Ventilator,Blood,Blood Gas
27,50829,Fluid Type,Other Body Fluid,Blood Gas
28,50830,"pCO2, Body Fluid",Other Body Fluid,Blood Gas
29,50831,pH,Other Body Fluid,Blood Gas
30,50832,"pO2, Body Fluid",Other Body Fluid,Blood Gas
31,50833,Potassium,Other Body Fluid,Blood Gas
32,50834,"Sodium, Body Fluid",Other Body Fluid,Blood Gas
33,50835,"Albumin, Ascites",Ascites,Chemistry
34,50836,"Amylase, Ascites",Ascites,Chemistry
35,50837,"Bicarbonate, Ascites",Ascites,Chemistry
36,50838,"Bilirubin, Total, Ascites",Ascites,Chemistry
37,50839,"Chloride, Ascites",Ascites,Chemistry
38,50840,"Cholesterol, Ascites",Ascites,Chemistry
39,50841,"Creatinine, Ascites",Ascites,Chemistry
40,50842,"Glucose, Ascites",Ascites,Chemistry
41,50843,"Lactate Dehydrogenase, Ascites",Ascites,Chemistry
42,50844,"Lipase, Ascites",Ascites,Chemistry
43,50845,"Miscellaneous, Ascites",Ascites,Chemistry
44,50846,"Osmolality, Ascites",Ascites,Chemistry
45,50847,"Potassium, Ascites",Ascites,Chemistry
46,50848,"Sodium, Ascites",Ascites,Chemistry
47,50849,"Total Protein, Ascites",Ascites,Chemistry
48,50850,"Triglycerides, Ascites",Ascites,Chemistry
49,50851,"Urea Nitrogen, Ascites",Ascites,Chemistry
50,50852,% Hemoglobin A1c,Blood,Chemistry
51,50853,25-OH Vitamin D,Blood,Chemistry
52,50854,Absolute A1c,Blood,Chemistry
53,50855,Absolute Hemoglobin,Blood,Chemistry
54,50856,Acetaminophen,Blood,Chemistry
55,50857,Acetone,Blood,Chemistry
56,50858,Acid Phosphatase,Blood,Chemistry
57,50859,"Acid Phosphatase, Non-Prostatic",Blood,Chemistry
58,50860,"AFP, Maternal Screen",Blood,Chemistry
59,50861,Alanine Aminotransferase (ALT),Blood,Chemistry
60,50862,Albumin,Blood,Chemistry
61,50863,Alkaline Phosphatase,Blood,Chemistry
62,50864,Alpha-Fetoprotein,Blood,Chemistry
63,50865,Amikacin,Blood,Chemistry
64,50866,Ammonia,Blood,Chemistry
65,50867,Amylase,Blood,Chemistry
66,50868,Anion Gap,Blood,Chemistry
67,50869,Anti-DGP (IgA/IgG),Blood,Chemistry
68,50870,"Anti-Gliadin Antibody, IgA",Blood,Chemistry
69,50871,Anti-Mitochondrial Antibody,Blood,Chemistry
70,50872,Anti-Neutrophil Cytoplasmic Antibody,Blood,Chemistry
71,50873,Anti-Nuclear Antibody,Blood,Chemistry
72,50874,"Anti-Nuclear Antibody, Titer",Blood,Chemistry
73,50875,Anti-Parietal Cell Antibody,Blood,Chemistry
74,50876,Anti-Smooth Muscle Antibody,Blood,Chemistry
75,50877,Anti-Thyroglobulin Antibodies,Blood,Chemistry
76,50878,Asparate Aminotransferase (AST),Blood,Chemistry
77,50879,Barbiturate Screen,Blood,Chemistry
78,50880,Benzodiazepine Screen,Blood,Chemistry
79,50881,Beta-2 Microglobulin,Blood,Chemistry
80,50882,Bicarbonate,Blood,Chemistry
81,50883,"Bilirubin, Direct",Blood,Chemistry
82,50884,"Bilirubin, Indirect",Blood,Chemistry
83,50885,"Bilirubin, Total",Blood,Chemistry
84,50886,Blood Culture Hold,Blood,Chemistry
85,50887,Blue Top Hold,Blood,Chemistry
86,50888,Blue Top Hold Frozen,Blood,Chemistry
87,50889,C-Reactive Protein,Blood,Chemistry
88,50890,C3,Blood,Chemistry
89,50891,C4,Blood,Chemistry
90,50892,CA-125,Blood,Chemistry
91,50893,"Calcium, Total",Blood,Chemistry
92,50894,Calculated Free Testosterone,Blood,Chemistry
93,50895,Calculated TBG,Blood,Chemistry
94,50896,Calculated Thyroxine (T4) Index,Blood,Chemistry
95,50897,Call,Blood,Chemistry
96,50898,Cancer Antigen 27.29,Blood,Chemistry
97,50899,Carbamazepine,Blood,Chemistry
98,50900,Carcinoembyronic Antigen (CEA),Blood,Chemistry
99,50901,Centromere,Blood,Chemistry
100,50902,Chloride,Blood,Chemistry
101,50903,Cholesterol Ratio (Total/HDL),Blood,Chemistry
102,50904,"Cholesterol, HDL",Blood,Chemistry
103,50905,"Cholesterol, LDL, Calculated",Blood,Chemistry
104,50906,"Cholesterol, LDL, Measured",Blood,Chemistry
105,50907,"Cholesterol, Total",Blood,Chemistry
106,50908,CK-MB Index,Blood,Chemistry
107,50909,Cortisol,Blood,Chemistry
108,50910,Creatine Kinase (CK),Blood,Chemistry
109,50911,"Creatine Kinase, MB Isoenzyme",Blood,Chemistry
110,50912,Creatinine,Blood,Chemistry
111,50913,Cryoglobulin,Blood,Chemistry
112,50914,Cyclosporin,Blood,Chemistry
113,50915,D-Dimer,Blood,Chemistry
114,50916,DHEA-Sulfate,Blood,Chemistry
115,50917,Digoxin,Blood,Chemistry
116,50918,Double Stranded DNA,Blood,Chemistry
117,50919,EDTA Hold,Blood,Chemistry
118,50920,Estimated GFR (MDRD equation),Blood,Chemistry
119,50921,Estradiol,Blood,Chemistry
120,50922,Ethanol,Blood,Chemistry
121,50923,Fax,Blood,Chemistry
122,50924,Ferritin,Blood,Chemistry
123,50925,Folate,Blood,Chemistry
124,50926,Follicle Stimulating Hormone,Blood,Chemistry
125,50927,Gamma Glutamyltransferase,Blood,Chemistry
126,50928,Gastrin,Blood,Chemistry
127,50929,Gentamicin,Blood,Chemistry
128,50930,Globulin,Blood,Chemistry
129,50931,Glucose,Blood,Chemistry
130,50932,Gray Top Hold (plasma),Blood,Chemistry
131,50933,Green Top Hold (plasma),Blood,Chemistry
132,50934,H,Blood,Chemistry
133,50935,Haptoglobin,Blood,Chemistry
134,50936,"HCG, Maternal Screen",Blood,Chemistry
135,50937,Hepatitis A Virus Antibody,Blood,Chemistry
136,50938,Hepatitis A Virus IgM Antibody,Blood,Chemistry
137,50939,"Hepatitis B Core Antibody, IgM",Blood,Chemistry
138,50940,Hepatitis B Surface Antibody,Blood,Chemistry
139,50941,Hepatitis B Surface Antigen,Blood,Chemistry
140,50942,Hepatitis B Virus Core Antibody,Blood,Chemistry
141,50943,Hepatitis C Virus Antibody,Blood,Chemistry
142,50944,HIV Antibody,Blood,Chemistry
143,50945,Homocysteine,Blood,Chemistry
144,50946,Human Chorionic Gonadotropin,Blood,Chemistry
145,50947,I,Blood,Chemistry
146,50948,Immunofixation,Blood,Chemistry
147,50949,Immunoglobulin A,Blood,Chemistry
148,50950,Immunoglobulin G,Blood,Chemistry
149,50951,Immunoglobulin M,Blood,Chemistry
150,50952,Iron,Blood,Chemistry
151,50953,"Iron Binding Capacity, Total",Blood,Chemistry
152,50954,Lactate Dehydrogenase (LD),Blood,Chemistry
153,50955,Light Green Top Hold,Blood,Chemistry
154,50956,Lipase,Blood,Chemistry
155,50957,Lithium,Blood,Chemistry
156,50958,Luteinizing Hormone,Blood,Chemistry
157,50959,Macro Prolactin,Blood,Chemistry
158,50960,Magnesium,Blood,Chemistry
159,50961,Methotrexate,Blood,Chemistry
160,50962,N-Acetylprocainamide (NAPA),Blood,Chemistry
161,50963,NTproBNP,Blood,Chemistry
162,50964,"Osmolality, Measured",Blood,Chemistry
163,50965,Parathyroid Hormone,Blood,Chemistry
164,50966,Phenobarbital,Blood,Chemistry
165,50967,Phenytoin,Blood,Chemistry
166,50968,"Phenytoin, Free",Blood,Chemistry
167,50969,"Phenytoin, Percent Free",Blood,Chemistry
168,50970,Phosphate,Blood,Chemistry
169,50971,Potassium,Blood,Chemistry
170,50972,Procainamide,Blood,Chemistry
171,50973,Prolactin,Blood,Chemistry
172,50974,Prostate Specific Antigen,Blood,Chemistry
173,50975,Protein Electrophoresis,Blood,Chemistry
174,50976,"Protein, Total",Blood,Chemistry
175,50977,Quinidine,Blood,Chemistry
176,50978,Rapamycin,Blood,Chemistry
177,50979,Red Top Hold,Blood,Chemistry
178,50980,Rheumatoid Factor,Blood,Chemistry
179,50981,Salicylate,Blood,Chemistry
180,50982,Sex Hormone Binding Globulin,Blood,Chemistry
181,50983,Sodium,Blood,Chemistry
182,50984,Stat,Blood,Chemistry
183,50985,Study Tubes,Blood,Chemistry
184,50986,tacroFK,Blood,Chemistry
185,50988,Testosterone,Blood,Chemistry
186,50989,"Testosterone, Free",Blood,Chemistry
187,50990,Theophylline,Blood,Chemistry
188,50991,Thyroglobulin,Blood,Chemistry
189,50992,Thyroid Peroxidase Antibodies,Blood,Chemistry
190,50993,Thyroid Stimulating Hormone,Blood,Chemistry
191,50994,Thyroxine (T4),Blood,Chemistry
192,50995,"Thyroxine (T4), Free",Blood,Chemistry
193,50996,"Tissue Transglutaminase Ab, IgA",Blood,Chemistry
194,50997,Tobramycin,Blood,Chemistry
195,50998,Transferrin,Blood,Chemistry
196,50999,Tricyclic Antidepressant Screen,Blood,Chemistry
197,51000,Triglycerides,Blood,Chemistry
198,51001,Triiodothyronine (T3),Blood,Chemistry
199,51002,Troponin I,Blood,Chemistry
200,51003,Troponin T,Blood,Chemistry
201,51004,"UE3, Maternal Screen",Blood,Chemistry
202,51005,Uptake Ratio,Blood,Chemistry
203,51006,Urea Nitrogen,Blood,Chemistry
204,51007,Uric Acid,Blood,Chemistry
205,51008,Valproic Acid,Blood,Chemistry
206,51009,Vancomycin,Blood,Chemistry
207,51010,Vitamin B12,Blood,Chemistry
208,51019,"Albumin, Joint Fluid",Joint Fluid,Chemistry
209,51020,"Amylase, Joint Fluid",Joint Fluid,Chemistry
210,51021,"Creatinine, Joint Fluid",Joint Fluid,Chemistry
211,51022,"Glucose, Joint Fluid",Joint Fluid,Chemistry
212,51023,"LD, Joint Fluid",Joint Fluid,Chemistry
213,51024,"Total Protein, Joint Fluid",Joint Fluid,Chemistry
214,51025,"Albumin, Body Fluid",Other Body Fluid,Chemistry
215,51026,"Amylase, Body Fluid",Other Body Fluid,Chemistry
216,51027,"Bicarbonate, Other Fluid",Other Body Fluid,Chemistry
217,51028,"Bilirubin, Total, Body Fluid",Other Body Fluid,Chemistry
218,51029,"Calcium, Body Fluid",Other Body Fluid,Chemistry
219,51030,"Chloride, Body Fluid",Other Body Fluid,Chemistry
220,51031,"Cholesterol, Body Fluid",Other Body Fluid,Chemistry
221,51032,"Creatinine, Body Fluid",Other Body Fluid,Chemistry
222,51033,FetalFN,Other Body Fluid,Chemistry
223,51034,"Glucose, Body Fluid",Other Body Fluid,Chemistry
224,51035,"LD, Body Fluid",Other Body Fluid,Chemistry
225,51036,"Lipase, Body Fluid",Other Body Fluid,Chemistry
226,51037,"Magnesium, Body Fluid",Other Body Fluid,Chemistry
227,51038,"Miscellaneous, Body Fluid",Other Body Fluid,Chemistry
228,51039,"Osmolality, Body Fluid",Other Body Fluid,Chemistry
229,51040,"Phosphate, Body Fluid",Other Body Fluid,Chemistry
230,51041,"Potassium, Body Fluid",Other Body Fluid,Chemistry
231,51042,"Sodium, Body Fluid",Other Body Fluid,Chemistry
232,51043,"Total Protein, Body Fluid",Other Body Fluid,Chemistry
233,51044,Triglycer,Other Body Fluid,Chemistry
234,51045,"Urea Nitrogen, Body Fluid",Other Body Fluid,Chemistry
235,51046,"Albumin, Pleural",Pleural,Chemistry
236,51047,"Amylase, Pleural",Pleural,Chemistry
237,51048,"Bicarbonate, Pleural",Pleural,Chemistry
238,51049,"Bilirubin, Total, Pleural",Pleural,Chemistry
239,51050,"Chloride, Pleural",Pleural,Chemistry
240,51051,"Cholesterol, Pleural",Pleural,Chemistry
241,51052,"Creatinine, Pleural",Pleural,Chemistry
242,51053,"Glucose, Pleural",Pleural,Chemistry
243,51054,"Lactate Dehydrogenase, Pleural",Pleural,Chemistry
244,51055,"Lipase, Pleural",Pleural,Chemistry
245,51056,"Miscellaneous, Pleural",Pleural,Chemistry
246,51057,"Potassium, Pleural",Pleural,Chemistry
247,51058,"Sodium, Pleural",Pleural,Chemistry
248,51059,"Total Protein, Pleural",Pleural,Chemistry
249,51060,"Triglycerides, Pleural",Pleural,Chemistry
250,51061,"Bicarbonate, Stool",Stool,Chemistry
251,51062,"Chloride, Stool",Stool,Chemistry
252,51063,"Osmolality, Stool",Stool,Chemistry
253,51064,"Potassium, Stool",Stool,Chemistry
254,51065,"Sodium, Stool",Stool,Chemistry
255,51066,24 hr Calcium,Urine,Chemistry
256,51067,24 hr Creatinine,Urine,Chemistry
257,51068,24 hr Protein,Urine,Chemistry
258,51069,"Albumin, Urine",Urine,Chemistry
259,51070,"Albumin/Creatinine, Urine",Urine,Chemistry
260,51071,"Amphetamine Screen, Urine",Urine,Chemistry
261,51072,"Amylase, Urine",Urine,Chemistry
262,51073,"Amylase/Creatinine Ratio, Urine",Urine,Chemistry
263,51074,"Barbiturate Screen, Urine",Urine,Chemistry
264,51075,"Benzodiazepine Screen, Urine",Urine,Chemistry
265,51076,"Bicarbonate, Urine",Urine,Chemistry
266,51077,"Calcium, Urine",Urine,Chemistry
267,51078,"Chloride, Urine",Urine,Chemistry
268,51079,"Cocaine, Urine",Urine,Chemistry
269,51080,Creatinine Clearance,Urine,Chemistry
270,51081,"Creatinine, Serum",Urine,Chemistry
271,51082,"Creatinine, Urine",Urine,Chemistry
272,51083,"Ethanol, Urine",Urine,Chemistry
273,51084,"Glucose, Urine",Urine,Chemistry
274,51085,"HCG, Urine, Qualitative",Urine,Chemistry
275,51086,"Immunofixation, Urine",Urine,Chemistry
276,51087,Length of Urine Collection,Urine,Chemistry
277,51088,"Magnesium, Urine",Urine,Chemistry
278,51089,Marijuana,Urine,Chemistry
279,51090,"Methadone, Urine",Urine,Chemistry
280,51091,"Myoglobin, Urine",Urine,Chemistry
281,51092,"Opiate Screen, Urine",Urine,Chemistry
282,51093,"Osmolality, Urine",Urine,Chemistry
283,51094,pH,Urine,Chemistry
284,51095,"Phosphate, Urine",Urine,Chemistry
285,51096,Porphobilinogen Screen,Urine,Chemistry
286,51097,"Potassium, Urine",Urine,Chemistry
287,51098,"Prot. Electrophoresis, Urine",Urine,Chemistry
288,51099,Protein/Creatinine Ratio,Urine,Chemistry
289,51100,"Sodium, Urine",Urine,Chemistry
290,51101,Total Collection Time,Urine,Chemistry
291,51102,"Total Protein, Urine",Urine,Chemistry
292,51103,Uhold,Urine,Chemistry
293,51104,"Urea Nitrogen, Urine",Urine,Chemistry
294,51105,"Uric Acid, Urine",Urine,Chemistry
295,51106,Urine Creatinine,Urine,Chemistry
296,51107,"Urine tube, held",Urine,Chemistry
297,51108,Urine Volume,Urine,Chemistry
298,51109,"Urine Volume, Total",Urine,Chemistry
299,51110,Atypical Lymphocytes,Ascites,Hematology
300,51111,Bands,Ascites,Hematology
301,51112,Basophils,Ascites,Hematology
302,51113,Blasts,Ascites,Hematology
303,51114,Eosinophils,Ascites,Hematology
304,51115,"Hematocrit, Ascites",Ascites,Hematology
305,51116,Lymphocytes,Ascites,Hematology
306,51117,Macrophage,Ascites,Hematology
307,51118,Mesothelial Cell,Ascites,Hematology
308,51119,Metamyelocytes,Ascites,Hematology
309,51120,Monocytes,Ascites,Hematology
310,51121,Myelocytes,Ascites,Hematology
311,51122,Nucleated RBC,Ascites,Hematology
312,51123,Other,Ascites,Hematology
313,51124,Plasma,Ascites,Hematology
314,51125,Polys,Ascites,Hematology
315,51126,Promyelocytes,Ascites,Hematology
316,51127,"RBC, Ascites",Ascites,Hematology
317,51129,Young,Ascites,Hematology
318,51130,Absolute CD3 Count,Blood,Hematology
319,51131,Absolute CD4 Count,Blood,Hematology
320,51132,Absolute CD8 Count,Blood,Hematology
321,51133,Absolute Lymphocyte Count,Blood,Hematology
322,51134,Acanthocytes,Blood,Hematology
323,51135,ADP,Blood,Hematology
324,51136,Alpha Antiplasmin,Blood,Hematology
325,51137,Anisocytosis,Blood,Hematology
326,51138,Anticardiolipin Antibody IgG,Blood,Hematology
327,51139,Anticardiolipin Antibody IgM,Blood,Hematology
328,51140,Antithrombin,Blood,Hematology
329,51141,APT Test,Blood,Hematology
330,51142,Arachadonic Acid,Blood,Hematology
331,51143,Atypical Lymphocytes,Blood,Hematology
332,51144,Bands,Blood,Hematology
333,51145,Basophilic Stippling,Blood,Hematology
334,51146,Basophils,Blood,Hematology
335,51147,Bite Cells,Blood,Hematology
336,51148,Blasts,Blood,Hematology
337,51149,Bleeding Time,Blood,Hematology
338,51150,Blood Parasite Smear,Blood,Hematology
339,51152,CD10,Blood,Hematology
340,51153,CD103,Blood,Hematology
341,51154,CD117,Blood,Hematology
342,51155,CD11c,Blood,Hematology
343,51156,CD13,Blood,Hematology
344,51157,CD138,Blood,Hematology
345,51158,CD14,Blood,Hematology
346,51159,CD15,Blood,Hematology
347,51161,CD16,Blood,Hematology
348,51162,CD16/56 Absolute Count,Blood,Hematology
349,51163,CD16/56%,Blood,Hematology
350,51164,CD19,Blood,Hematology
351,51165,CD19 %,Blood,Hematology
352,51166,CD19 Absolute Count,Blood,Hematology
353,51167,CD2,Blood,Hematology
354,51168,CD20,Blood,Hematology
355,51169,CD20 %,Blood,Hematology
356,51170,CD20 Absolute Count,Blood,Hematology
357,51171,CD22,Blood,Hematology
358,51172,CD23,Blood,Hematology
359,51173,CD25,Blood,Hematology
360,51174,CD3 %,Blood,Hematology
361,51175,CD3 Absolute Count,Blood,Hematology
362,51176,"CD3 Cells, Percent",Blood,Hematology
363,51177,CD33,Blood,Hematology
364,51178,CD34,Blood,Hematology
365,51179,CD38,Blood,Hematology
366,51180,"CD4 Cells, Percent",Blood,Hematology
367,51181,CD4/CD8 Ratio,Blood,Hematology
368,51182,CD41,Blood,Hematology
369,51183,CD45,Blood,Hematology
370,51184,CD5,Blood,Hematology
371,51185,CD5 %,Blood,Hematology
372,51186,CD5 Absolute Count,Blood,Hematology
373,51187,CD55,Blood,Hematology
374,51188,CD56,Blood,Hematology
375,51189,CD57,Blood,Hematology
376,51190,CD59,Blood,Hematology
377,51191,CD64,Blood,Hematology
378,51192,CD7,Blood,Hematology
379,51193,CD71,Blood,Hematology
380,51194,"CD8 Cells, Percent",Blood,Hematology
381,51195,Collagen,Blood,Hematology
382,51196,D-Dimer,Blood,Hematology
383,51197,Elliptocytes,Blood,Hematology
384,51198,Envelope Cells,Blood,Hematology
385,51199,Eosinophil Count,Blood,Hematology
386,51200,Eosinophils,Blood,Hematology
387,51201,Epinepherine,Blood,Hematology
388,51202,Factor II,Blood,Hematology
389,51203,Factor IX,Blood,Hematology
390,51204,Factor V,Blood,Hematology
391,51205,Factor VII,Blood,Hematology
392,51206,Factor VIII,Blood,Hematology
393,51207,Factor VIII Inhibitor,Blood,Hematology
394,51208,Factor X,Blood,Hematology
395,51209,Factor XI,Blood,Hematology
396,51210,Factor XII,Blood,Hematology
397,51211,Factor XIII,Blood,Hematology
398,51212,Fetal Hemoglobin,Blood,Hematology
399,51213,Fibrin Degradation Products,Blood,Hematology
400,51214,"Fibrinogen, Functional",Blood,Hematology
401,51215,FMC-7,Blood,Hematology
402,51216,Fragmented Cells,Blood,Hematology
403,51217,Glyco A,Blood,Hematology
404,51218,Granulocyte Count,Blood,Hematology
405,51219,H/O Smear,Blood,Hematology
406,51220,Heinz Body Prep,Blood,Hematology
407,51221,Hematocrit,Blood,Hematology
408,51222,Hemoglobin,Blood,Hematology
409,51223,Hemoglobin A2,Blood,Hematology
410,51224,Hemoglobin C,Blood,Hematology
411,51225,Hemoglobin F,Blood,Hematology
412,51226,Hemogloblin A,Blood,Hematology
413,51227,Hemogloblin S,Blood,Hematology
414,51228,Heparin,Blood,Hematology
415,51229,"Heparin, LMW",Blood,Hematology
416,51230,HLA-DR,Blood,Hematology
417,51231,Howell-Jolly Bodies,Blood,Hematology
418,51232,Hypersegmented Neutrophils,Blood,Hematology
419,51233,Hypochromia,Blood,Hematology
420,51234,Immunophenotyping,Blood,Hematology
421,51235,Inhibitor Screen,Blood,Hematology
422,51236,Inpatient Hematology/Oncology Smear,Blood,Hematology
423,51237,INR(PT),Blood,Hematology
424,51238,Kappa,Blood,Hematology
425,51239,Lambda,Blood,Hematology
426,51240,Large Platelets,Blood,Hematology
427,51241,Leukocyte Alkaline Phosphatase,Blood,Hematology
428,51242,LUC,Blood,Hematology
429,51243,Lupus Anticoagulant,Blood,Hematology
430,51244,Lymphocytes,Blood,Hematology
431,51245,"Lymphocytes, Percent",Blood,Hematology
432,51246,Macrocytes,Blood,Hematology
433,51247,MacroOvalocytes,Blood,Hematology
434,51248,MCH,Blood,Hematology
435,51249,MCHC,Blood,Hematology
436,51250,MCV,Blood,Hematology
437,51251,Metamyelocytes,Blood,Hematology
438,51252,Microcytes,Blood,Hematology
439,51253,Monocyte Count,Blood,Hematology
440,51254,Monocytes,Blood,Hematology
441,51255,Myelocytes,Blood,Hematology
442,51256,Neutrophils,Blood,Hematology
443,51257,Nucleated Red Cells,Blood,Hematology
444,51258,Osmotic Fragility,Blood,Hematology
445,51259,Other Cells,Blood,Hematology
446,51260,Ovalocytes,Blood,Hematology
447,51261,Pappenheimer Bodies,Blood,Hematology
448,51262,Pencil Cells,Blood,Hematology
449,51263,Plasma Cells,Blood,Hematology
450,51264,Platelet Clumps,Blood,Hematology
451,51265,Platelet Count,Blood,Hematology
452,51266,Platelet Smear,Blood,Hematology
453,51267,Poikilocytosis,Blood,Hematology
454,51268,Polychromasia,Blood,Hematology
455,51269,Promyelocytes,Blood,Hematology
456,51270,"Protein C, Antigen",Blood,Hematology
457,51271,"Protein C, Functional",Blood,Hematology
458,51272,"Protein S, Antigen",Blood,Hematology
459,51273,"Protein S, Functional",Blood,Hematology
460,51274,PT,Blood,Hematology
461,51275,PTT,Blood,Hematology
462,51276,Quantitative G6PD,Blood,Hematology
463,51277,RDW,Blood,Hematology
464,51278,Red Blood Cell Fragments,Blood,Hematology
465,51279,Red Blood Cells,Blood,Hematology
466,51280,Reptilase Time,Blood,Hematology
467,51281,Reptilase Time Control,Blood,Hematology
468,51282,"Reticulocyte Count, Absolute",Blood,Hematology
469,51283,"Reticulocyte Count, Automated",Blood,Hematology
470,51284,"Reticulocyte Count, Manual",Blood,Hematology
471,51285,"Reticulocyte, Cellular Hemoglobin",Blood,Hematology
472,51286,Ristocetin,Blood,Hematology
473,51287,Schistocytes,Blood,Hematology
474,51288,Sedimentation Rate,Blood,Hematology
475,51289,Serum Viscosity,Blood,Hematology
476,51290,Sickle Cell Preparation,Blood,Hematology
477,51291,Sickle Cells,Blood,Hematology
478,51292,Spherocytes,Blood,Hematology
479,51293,Sugar Water Test,Blood,Hematology
480,51294,Target Cells,Blood,Hematology
481,51295,TdT,Blood,Hematology
482,51296,Teardrop Cells,Blood,Hematology
483,51297,Thrombin,Blood,Hematology
484,51298,Von Willebrand Factor Activity,Blood,Hematology
485,51299,Von Willebrand Factor Antigen,Blood,Hematology
486,51300,WBC Count,Blood,Hematology
487,51301,White Blood Cells,Blood,Hematology
488,51302,Young Cells,Blood,Hematology
489,51303,CD10,Bone Marrow,Hematology
490,51304,CD103,Bone Marrow,Hematology
491,51305,CD117,Bone Marrow,Hematology
492,51306,CD11c,Bone Marrow,Hematology
493,51307,CD13,Bone Marrow,Hematology
494,51308,CD138,Bone Marrow,Hematology
495,51309,CD14,Bone Marrow,Hematology
496,51310,CD15,Bone Marrow,Hematology
497,51311,CD16,Bone Marrow,Hematology
498,51312,CD16/56,Bone Marrow,Hematology
499,51313,CD19,Bone Marrow,Hematology
500,51314,CD2,Bone Marrow,Hematology
501,51315,CD20,Bone Marrow,Hematology
502,51316,CD22,Bone Marrow,Hematology
503,51317,CD23,Bone Marrow,Hematology
504,51318,CD25,Bone Marrow,Hematology
505,51319,CD3,Bone Marrow,Hematology
506,51320,CD33,Bone Marrow,Hematology
507,51321,CD34,Bone Marrow,Hematology
508,51322,CD38,Bone Marrow,Hematology
509,51323,CD4,Bone Marrow,Hematology
510,51324,CD41,Bone Marrow,Hematology
511,51325,CD45,Bone Marrow,Hematology
512,51326,CD5,Bone Marrow,Hematology
513,51327,CD55,Bone Marrow,Hematology
514,51328,CD56,Bone Marrow,Hematology
515,51329,CD57,Bone Marrow,Hematology
516,51330,CD59,Bone Marrow,Hematology
517,51331,CD64,Bone Marrow,Hematology
518,51332,CD7,Bone Marrow,Hematology
519,51333,CD71,Bone Marrow,Hematology
520,51334,CD8,Bone Marrow,Hematology
521,51335,FMC-7,Bone Marrow,Hematology
522,51336,Glyco A,Bone Marrow,Hematology
523,51337,HLA-DR,Bone Marrow,Hematology
524,51338,Immunophenotyping,Bone Marrow,Hematology
525,51339,Iron Stain,Bone Marrow,Hematology
526,51340,Kappa,Bone Marrow,Hematology
527,51341,Lambda,Bone Marrow,Hematology
528,51342,Wright Giemsa,Bone Marrow,Hematology
529,51365,Atypical Lymphocytes,Joint Fluid,Hematology
530,51366,Bands,Joint Fluid,Hematology
531,51367,Basophils,Joint Fluid,Hematology
532,51368,Eosinophils,Joint Fluid,Hematology
533,51369,"Hematocrit, Joint Fluid",Joint Fluid,Hematology
534,51370,"Joint Crystals, Birefringence",Joint Fluid,Hematology
535,51371,"Joint Crystals, Comment",Joint Fluid,Hematology
536,51372,"Joint Crystals, Location",Joint Fluid,Hematology
537,51373,"Joint Crystals, Number",Joint Fluid,Hematology
538,51374,"Joint Crystals, Shape",Joint Fluid,Hematology
539,51375,Lymphocytes,Joint Fluid,Hematology
540,51376,Macrophage,Joint Fluid,Hematology
541,51377,Mesothelial Cells,Joint Fluid,Hematology
542,51378,Metamyelocytes,Joint Fluid,Hematology
543,51379,Monocytes,Joint Fluid,Hematology
544,51380,NRBC,Joint Fluid,Hematology
545,51381,Other,Joint Fluid,Hematology
546,51382,Polys,Joint Fluid,Hematology
547,51383,"RBC, Joint Fluid",Joint Fluid,Hematology
548,51385,Atypical Lymphocytes,Other Body Fluid,Hematology
549,51386,Bands,Other Body Fluid,Hematology
550,51387,Basophils,Other Body Fluid,Hematology
551,51388,CD10,Other Body Fluid,Hematology
552,51389,CD103,Other Body Fluid,Hematology
553,51390,CD117,Other Body Fluid,Hematology
554,51391,CD11c,Other Body Fluid,Hematology
555,51392,CD13,Other Body Fluid,Hematology
556,51393,CD138,Other Body Fluid,Hematology
557,51394,CD14,Other Body Fluid,Hematology
558,51395,CD15,Other Body Fluid,Hematology
559,51396,CD16,Other Body Fluid,Hematology
560,51397,CD16/56,Other Body Fluid,Hematology
561,51398,CD19,Other Body Fluid,Hematology
562,51399,CD2,Other Body Fluid,Hematology
563,51400,CD20,Other Body Fluid,Hematology
564,51401,CD22,Other Body Fluid,Hematology
565,51402,CD23,Other Body Fluid,Hematology
566,51403,CD25,Other Body Fluid,Hematology
567,51404,CD3,Other Body Fluid,Hematology
568,51405,CD33,Other Body Fluid,Hematology
569,51406,CD34,Other Body Fluid,Hematology
570,51407,CD38,Other Body Fluid,Hematology
571,51408,CD4,Other Body Fluid,Hematology
572,51409,CD4/CD8 Ratio,Other Body Fluid,Hematology
573,51410,CD41,Other Body Fluid,Hematology
574,51411,CD45,Other Body Fluid,Hematology
575,51412,CD5,Other Body Fluid,Hematology
576,51413,CD56,Other Body Fluid,Hematology
577,51414,CD57,Other Body Fluid,Hematology
578,51415,CD64,Other Body Fluid,Hematology
579,51416,CD7,Other Body Fluid,Hematology
580,51417,CD71,Other Body Fluid,Hematology
581,51418,CD8,Other Body Fluid,Hematology
582,51419,Eosinophils,Other Body Fluid,Hematology
583,51420,FMC-7,Other Body Fluid,Hematology
584,51421,Glyco A,Other Body Fluid,Hematology
585,51422,"Hematocrit, Other Fluid",Other Body Fluid,Hematology
586,51423,HLA-DR,Other Body Fluid,Hematology
587,51424,Immunophenotyping,Other Body Fluid,Hematology
588,51425,Kappa,Other Body Fluid,Hematology
589,51426,Lambda,Other Body Fluid,Hematology
590,51427,Lymphocytes,Other Body Fluid,Hematology
591,51428,Macrophage,Other Body Fluid,Hematology
592,51429,Mesothelial cells,Other Body Fluid,Hematology
593,51430,Metamyelocytes,Other Body Fluid,Hematology
594,51431,Monos,Other Body Fluid,Hematology
595,51432,Myelocytes,Other Body Fluid,Hematology
596,51433,NRBC,Other Body Fluid,Hematology
597,51434,Other Cell,Other Body Fluid,Hematology
598,51435,Plasma,Other Body Fluid,Hematology
599,51436,Polys,Other Body Fluid,Hematology
600,51437,Promyelocytes,Other Body Fluid,Hematology
601,51438,"RBC, Other Fluid",Other Body Fluid,Hematology
602,51440,Atypical Lymphocytes,Pleural,Hematology
603,51441,Bands,Pleural,Hematology
604,51442,Basophils,Pleural,Hematology
605,51443,Blasts,Pleural,Hematology
606,51444,Eosinophils,Pleural,Hematology
607,51445,"Hematocrit, Pleural",Pleural,Hematology
608,51446,Lymphocytes,Pleural,Hematology
609,51447,Macrophages,Pleural,Hematology
610,51448,Mesothelial Cells,Pleural,Hematology
611,51449,Metamyelocytes,Pleural,Hematology
612,51450,Monos,Pleural,Hematology
613,51451,Myelocytes,Pleural,Hematology
614,51452,NRBC,Pleural,Hematology
615,51453,Other,Pleural,Hematology
616,51454,Plasma Cells,Pleural,Hematology
617,51455,Polys,Pleural,Hematology
618,51456,Promyelocytes,Pleural,Hematology
619,51457,"RBC, Pleural",Pleural,Hematology
620,51459,Young Cells,Pleural,Hematology
621,51460,"Blood, Occult",Stool,Hematology
622,51461,Ammonium Biurate,Urine,Hematology
623,51462,Amorphous Crystals,Urine,Hematology
624,51463,Bacteria,Urine,Hematology
625,51464,Bilirubin,Urine,Hematology
626,51465,Bilirubin Crystals,Urine,Hematology
627,51466,Blood,Urine,Hematology
628,51467,Broad Casts,Urine,Hematology
629,51468,Calcium Carbonate Crystals,Urine,Hematology
630,51469,Calcium Oxalate Crystals,Urine,Hematology
631,51470,Calcium Phosphate Crystals,Urine,Hematology
632,51471,Cellular Cast,Urine,Hematology
633,51472,Cholesterol Crystals,Urine,Hematology
634,51473,Cysteine Crystals,Urine,Hematology
635,51474,Eosinophils,Urine,Hematology
636,51475,Epithelial Casts,Urine,Hematology
637,51476,Epithelial Cells,Urine,Hematology
638,51477,Free Fat,Urine,Hematology
639,51478,Glucose,Urine,Hematology
640,51479,Granular Casts,Urine,Hematology
641,51480,Hematocrit,Urine,Hematology
642,51481,Hemosiderin,Urine,Hematology
643,51482,Hyaline Casts,Urine,Hematology
644,51483,Hyphenated Yeast,Urine,Hematology
645,51484,Ketone,Urine,Hematology
646,51485,Leucine Crystals,Urine,Hematology
647,51486,Leukocytes,Urine,Hematology
648,51487,Nitrite,Urine,Hematology
649,51488,Non-squamous Epithelial Cells,Urine,Hematology
650,51489,NonSquamous Epithelial Cell,Urine,Hematology
651,51490,Oval Fat Body,Urine,Hematology
652,51491,pH,Urine,Hematology
653,51492,Protein,Urine,Hematology
654,51493,RBC,Urine,Hematology
655,51494,RBC Casts,Urine,Hematology
656,51495,RBC Clumps,Urine,Hematology
657,51496,"Reducing Substances, Urine",Urine,Hematology
658,51497,Renal Epithelial Cells,Urine,Hematology
659,51498,Specific Gravity,Urine,Hematology
660,51499,Sperm,Urine,Hematology
661,51500,Sulfonamides,Urine,Hematology
662,51501,Transitional Epithelial Cells,Urine,Hematology
663,51502,Trichomonas,Urine,Hematology
664,51503,Triple Phosphate Crystals,Urine,Hematology
665,51504,Tyrosine Crystals,Urine,Hematology
666,51505,Uric Acid Crystals,Urine,Hematology
667,51506,Urine Appearance,Urine,Hematology
668,51507,"Urine Casts, Other",Urine,Hematology
669,51508,Urine Color,Urine,Hematology
670,51509,Urine Comments,Urine,Hematology
671,51510,"Urine Crystals, Other",Urine,Hematology
672,51511,Urine Fat Bodies,Urine,Hematology
673,51512,Urine Mucous,Urine,Hematology
674,51513,Urine Specimen Type,Urine,Hematology
675,51514,Urobilinogen,Urine,Hematology
676,51515,Waxy Casts,Urine,Hematology
677,51516,WBC,Urine,Hematology
678,51517,WBC Casts,Urine,Hematology
679,51518,WBC Clumps,Urine,Hematology
680,51519,Yeast,Urine,Hematology
681,51556,Anti-Microsomal Antibodies,Blood,Chemistry
682,51557,Anti-Microsomal Antibody,Blood,Chemistry
683,51558,Antirnp,Blood,Chemistry
684,51559,Anti-ro,Blood,Chemistry
685,51560,Anti-SARS-CoV-2 IgA,Blood,Chemistry
686,51562,Anti-Skin Antibody,Blood,Chemistry
687,51563,Anti-sm,Blood,Chemistry
688,51564,ARCH-1,Blood,Chemistry
689,51565,Argon,Blood,Chemistry
690,51566,Beta,Blood,Chemistry
691,51567,Beta Hydroxybutyrate,Blood,Chemistry
692,51568,"Bilirubin, Neonatal",Blood,Chemistry
693,51569,"Bilirubin, Neonatal, Direct",Blood,Chemistry
694,51570,"Bilirubin, Neonatal, Indirect",Blood,Chemistry
695,51571,Billed,Blood,Chemistry
696,51572,Bioavailable Testosterone,Blood,Chemistry
697,51573,Bromide,Blood,Chemistry
698,51574,C1 Inhibitor,Blood,Chemistry
699,51575,C1q,Blood,Chemistry
700,51576,C2,Blood,Chemistry
701,51577,C5,Blood,Chemistry
702,51578,C6,Blood,Chemistry
703,51579,CA 19-9,Blood,Chemistry
704,51580,Calculated CK-MB,Blood,Chemistry
705,51581,Carotene,Blood,Chemistry
706,51582,CH50,Blood,Chemistry
707,51583,Chol Estr,Blood,Chemistry
708,51584,Chylomicrons,Blood,Chemistry
709,51585,Clostrid,Blood,Chemistry
710,51586,CMV IgG Ab,Blood,Chemistry
711,51587,CMV IgG Ab Value,Blood,Chemistry
712,51588,CMV IgM Ab,Blood,Chemistry
713,51589,CMV IgM Ab Value,Blood,Chemistry
714,51590,CMV Interpretation,Blood,Chemistry
715,51591,Confirmation,Blood,Chemistry
716,51592,Conj Bili,Blood,Chemistry
717,51593,Copper,Blood,Chemistry
718,51594,"Creatine Kinase, Isoenzyme BB",Blood,Chemistry
719,51595,"Creatine Kinase, Isoenzyme MB",Blood,Chemistry
720,51596,"Creatine Kinase, Isoenzyme MM",Blood,Chemistry
721,51597,Cvhlc,Blood,Chemistry
722,51598,Cytomegalovirus Viral Load,Blood,Chemistry
723,51599,D,Blood,Chemistry
724,51600,Delete,Blood,Chemistry
725,51601,Delete,Blood,Chemistry
726,51602,Delete,Blood,Chemistry
727,51603,Delete,Blood,Chemistry
728,51604,Delete,Blood,Chemistry
729,51605,Delta/Dlt,Blood,Chemistry
730,51606,Digitoxin,Blood,Chemistry
731,51607,"Dimeric Inhibin A, Maternal Screen",Blood,Chemistry
732,51608,DirLst,Blood,Chemistry
733,51609,Disopyramide,Blood,Chemistry
734,51610,Dlta Bili,Blood,Chemistry
735,51611,Down Syndrome Risk,Blood,Chemistry
736,51612,Dr. X,Blood,Chemistry
737,51613,eAG,Blood,Chemistry
738,51614,Epstein-Barr Virus  EBNA IgG Ab,Blood,Chemistry
739,51615,Epstein-Barr Virus EBNA IgG Ab,Blood,Chemistry
740,51616,Epstein-Barr Virus IgG Ab Value,Blood,Chemistry
741,51617,Epstein-Barr Virus IgM Ab Value,Blood,Chemistry
742,51618,Epstein-Barr Virus Interpretation,Blood,Chemistry
743,51619,Epstein-Barr Virus VCA IgG Ab,Blood,Chemistry
744,51620,Epstein-Barr Virus VCA IgM Ab,Blood,Chemistry
745,51621,Ethylene Glycol,Blood,Chemistry
746,51623,Fibrinogen,Blood,Chemistry
747,51624,Free Calcium,Blood,Chemistry
748,51625,Free Kappa,Blood,Chemistry
749,51626,Free Kappa/Free Lambda Ratio,Blood,Chemistry
750,51627,Free Lambda,Blood,Chemistry
751,51628,Fructosamine,Blood,Chemistry
752,51629,Fructosamine Plus,Blood,Chemistry
753,51630,Gamma,Blood,Chemistry
754,51631,Glycated Hemoglobin,Blood,Chemistry
755,51632,Growth Hormone,Blood,Chemistry
756,51633,Hbeag,Blood,Chemistry
757,51634,Hbsag,Blood,Chemistry
758,51635,Hbsag,Blood,Chemistry
759,51636,"HCG, Multiples of Median",Blood,Chemistry
760,51637,"HCG, Qualitative",Blood,Chemistry
761,51638,Hematocrit,Blood,Chemistry
762,51639,Hematocrit,Blood,Chemistry
763,51640,Hemoglobin,Blood,Chemistry
764,51641,Hemoglobin  A,Blood,Chemistry
765,51642,Hemoglobin  A1,Blood,Chemistry
766,51643,Hemoglobin  A2,Blood,Chemistry
767,51644,Hemoglobin  C,Blood,Chemistry
768,51645,"Hemoglobin, Calculated",Blood,Chemistry
769,51646,Hemoglobin  F,Blood,Chemistry
770,51647,Hemoglobin  S,Blood,Chemistry
771,51648,Hepatitis B Viral Load,Blood,Chemistry
772,51649,Hepatitis B Virus E Antibody,Blood,Chemistry
773,51650,Hepatitis B Virus E Antigen,Blood,Chemistry
774,51651,Hepatitis C Viral Load,Blood,Chemistry
775,51652,High-Sensitivity CRP,Blood,Chemistry
776,51653,HIV 1 Ab Confirmation,Blood,Chemistry
777,51654,HIV 1 Viral Load,Blood,Chemistry
778,51655,HIV 2 Ab Confirmation,Blood,Chemistry
779,51656,Hlap,Blood,Chemistry
780,51657,HPE1,Blood,Chemistry
781,51658,HPE2,Blood,Chemistry
782,51659,HPE3,Blood,Chemistry
783,51660,HPE4,Blood,Chemistry
784,51661,HPE5,Blood,Chemistry
785,51662,HPE6,Blood,Chemistry
786,51663,HPE7,Blood,Chemistry
787,51664,HPE8,Blood,Chemistry
788,51665,HPE9,Blood,Chemistry
789,51666,H. pylori IgG Ab,Blood,Chemistry
790,51667,H. pylori IgG Ab Value,Blood,Chemistry
791,51668,Hsap,Blood,Chemistry
792,51669,Htlv Ab,Blood,Chemistry
793,51670,Icd9,Blood,Chemistry
794,51671,IFEgel,Blood,Chemistry
795,51672,Immune Complexes,Blood,Chemistry
796,51673,Immunoelectrophoresis,Blood,Chemistry
797,51674,Immunoglobulin E,Blood,Chemistry
798,51675,INR(PT),Blood,Chemistry
799,51676,Insulin,Blood,Chemistry
800,51677,K (GREEN),Blood,Chemistry
801,51678,L,Blood,Chemistry
802,51679,Lap,Blood,Chemistry
803,51680,"LD, Isoenzyme 1",Blood,Chemistry
804,51681,"LD, Isoenzyme 2",Blood,Chemistry
805,51682,"LD, Isoenzyme 3",Blood,Chemistry
806,51683,"LD, Isoenzyme 4",Blood,Chemistry
807,51684,"LD, Isoenzyme 5",Blood,Chemistry
808,51685,Lidocaine,Blood,Chemistry
809,51686,Lip2,Blood,Chemistry
810,51687,Lipo Electrophoresis,Blood,Chemistry
811,51688,Lyme C6 Ab,Blood,Chemistry
812,51689,Lyme G and M Value,Blood,Chemistry
813,51690,Lymphocytes,Blood,Chemistry
814,51691,MCV,Blood,Chemistry
815,51692,"Monospot, Rapid Antigen",Blood,Chemistry
816,51693,Mumps IgG Ab,Blood,Chemistry
817,51694,Mumps IgG Ab Value,Blood,Chemistry
818,51695,Myoglobin,Blood,Chemistry
819,51696,Neural Tube Defect Risk,Blood,Chemistry
820,51697,Neutrophils,Blood,Chemistry
821,51698,No MD,Blood,Chemistry
822,51699,Not Done,Blood,Chemistry
823,51700,Np-fx,Blood,Chemistry
824,51701,"Osmolality, Calculated",Blood,Chemistry
825,51702,Park,Blood,Chemistry
826,51703,PEPgel,Blood,Chemistry
827,51704,Platelet Count,Blood,Chemistry
828,51705,Primidone,Blood,Chemistry
829,51706,Problem Specimen,Blood,Chemistry
830,51707,Progesterone,Blood,Chemistry
831,51708,Qnthbsab,Blood,Chemistry
832,51709,Quantitative RPR Test,Blood,Chemistry
833,51710,Rapid Plasma Reagin Test,Blood,Chemistry
834,51712,Referred,Blood,Chemistry
835,51713,Reflex Confirmatory Hepatitis C Viral Load,Blood,Chemistry
836,51714,Reflex HIV Confirmation,Blood,Chemistry
837,51715,Renin,Blood,Chemistry
838,51717,Reserved,Blood,Chemistry
839,51718,Reserved1,Blood,Chemistry
840,51719,Reserved3,Blood,Chemistry
841,51720,Reserved4,Blood,Chemistry
842,51721,Reverse T3,Blood,Chemistry
843,51722,RFXLDLM,Blood,Chemistry
844,51723,Rubella,Blood,Chemistry
845,51724,Rubella IgG Ab,Blood,Chemistry
846,51725,Rubeola IgG Ab,Blood,Chemistry
847,51726,Rubeola IgG Ab Value,Blood,Chemistry
848,51727,Send Out,Blood,Chemistry
849,51728,Serum B12,Blood,Chemistry
850,51729,Serum B12,Blood,Chemistry
851,51730,Serum Folate,Blood,Chemistry
852,51731,Single Stranded DNA,Blood,Chemistry
853,51732,STX1,Blood,Chemistry
854,51733,STX2,Blood,Chemistry
855,51734,STX3,Blood,Chemistry
856,51735,STX4,Blood,Chemistry
857,51736,STX5,Blood,Chemistry
858,51737,STX6,Blood,Chemistry
859,51738,Thyroid Binding Globulin,Blood,Chemistry
860,51739,Total CO2,Blood,Chemistry
861,51740,Toxic Screen,Blood,Chemistry
862,51741,Toxoplasma IgG Ab,Blood,Chemistry
863,51742,Toxoplasma IgG Ab Value,Blood,Chemistry
864,51743,Toxoplasma IgM Ab,Blood,Chemistry
865,51744,Toxoplasma IgM Ab Value,Blood,Chemistry
866,51745,Toxoplasma Interpretation,Blood,Chemistry
867,51746,Transferrin Saturation,Blood,Chemistry
868,51747,Treponemal Antibody Test,Blood,Chemistry
869,51748,Treponema pallidum (Syphilis) Ab,Blood,Chemistry
870,51749,Treponema pallidum (syphilis) value,Blood,Chemistry
871,51750,"UE3, Multiples of Median",Blood,Chemistry
872,51751,Uncon Bil,Blood,Chemistry
873,51752,Voided Specimen,Blood,Chemistry
874,51753,VZV IgG Ab,Blood,Chemistry
875,51754,VZV IgG Ab Value,Blood,Chemistry
876,51755,White Blood Cells,Blood,Chemistry
877,51756,White Blood Cells,Blood,Chemistry
878,51757,Xxx,Blood,Chemistry
879,51758,Xylose,Blood,Chemistry
880,51759,Z,Blood,Chemistry
881,51760,Z,Blood,Chemistry
882,51761,Zinc,Blood,Chemistry
883,51762,EE1,Blood,Chemistry
884,51763,EE2,Blood,Chemistry
885,51764,EE7,Blood,Chemistry
886,51765,EE3,Blood,Chemistry
887,51767,EE5,Blood,Chemistry
888,51768,EE6,Blood,Chemistry
889,51769,RUBIgGV,Blood,Chemistry
890,51770,MDRDgfr,Blood,Chemistry
891,51771,,Blood,Chemistry
892,51772,PAN3,Blood,Chemistry
893,51773,RFXFRKL,Blood,Chemistry
894,51774,RFXHCV,Blood,Chemistry
895,51775,(Albumin),Cerebrospinal Fluid,Chemistry
896,51776,<Albumin>,Cerebrospinal Fluid,Chemistry
897,51777,"Albumin, CSF",Cerebrospinal Fluid,Chemistry
898,51778,Alpha-1,Cerebrospinal Fluid,Chemistry
899,51779,Alpha-2,Cerebrospinal Fluid,Chemistry
900,51780,"Amylase, CSF",Cerebrospinal Fluid,Chemistry
901,51781,Beta,Cerebrospinal Fluid,Chemistry
902,51782,"Bicarbonate, CSF",Cerebrospinal Fluid,Chemistry
903,51783,"Bilirubin, Total, CSF",Cerebrospinal Fluid,Chemistry
904,51784,"Chloride, CSF",Cerebrospinal Fluid,Chemistry
905,51785,"Cholesterol, CSF",Cerebrospinal Fluid,Chemistry
906,51786,Clostrid,Cerebrospinal Fluid,Chemistry
907,51787,"Creatinine, CSF",Cerebrospinal Fluid,Chemistry
908,51788,Cryptococ,Cerebrospinal Fluid,Chemistry
909,51789,Fl Scan,Cerebrospinal Fluid,Chemistry
910,51790,"Glucose, CSF",Cerebrospinal Fluid,Chemistry
911,51791,HIV 1 Viral Load,Cerebrospinal Fluid,Chemistry
912,51792,"Immunoelectrophoresis, CSF",Cerebrospinal Fluid,Chemistry
913,51793,"Immunoglobulin G, CSF",Cerebrospinal Fluid,Chemistry
914,51794,"Immunoglobulin G, CSF",Cerebrospinal Fluid,Chemistry
915,51795,"Lactate Dehydrogenase, CSF",Cerebrospinal Fluid,Chemistry
916,51796,"Miscellaneous, CSF",Cerebrospinal Fluid,Chemistry
917,51797,"Osmolality, CSF",Cerebrospinal Fluid,Chemistry
918,51798,"PEP, CSF",Cerebrospinal Fluid,Chemistry
919,51799,"PEP, CSF, Gamma Region",Cerebrospinal Fluid,Chemistry
920,51800,"Potassium, CSF",Cerebrospinal Fluid,Chemistry
921,51801,"Sodium, CSF",Cerebrospinal Fluid,Chemistry
922,51802,"Total Protein, CSF",Cerebrospinal Fluid,Chemistry
923,51803,"Triglycerides, CSF",Cerebrospinal Fluid,Chemistry
924,51804,"Urea Nitrogen, CSF",Cerebrospinal Fluid,Chemistry
925,51805,"Uric Acid, CSF",Cerebrospinal Fluid,Chemistry
926,51806,Voided Specimen,Cerebrospinal Fluid,Chemistry
927,51807,(Albumin),Joint Fluid,Chemistry
928,51808,Alpha-1,Joint Fluid,Chemistry
929,51809,Alpha-2,Joint Fluid,Chemistry
930,51810,Beta,Joint Fluid,Chemistry
931,51811,"Bicarbonate,Joint Fluid",Joint Fluid,Chemistry
932,51812,"Bilirubin, Total, Joint Fluid",Joint Fluid,Chemistry
933,51813,"Chloride, Joint Fluid",Joint Fluid,Chemistry
934,51814,"Cholesterol, Joint Fluid",Joint Fluid,Chemistry
935,51815,Clostrid,Joint Fluid,Chemistry
936,51816,Cryptococ,Joint Fluid,Chemistry
937,51817,Fl Scan,Joint Fluid,Chemistry
938,51818,"IgG, Joint Fluid",Joint Fluid,Chemistry
939,51819,"Immunoelectrophoresis, Joint Fluid",Joint Fluid,Chemistry
940,51820,"Osmolality, Joint Fluid",Joint Fluid,Chemistry
941,51821,"PEP, Joint Fluid, Gamma Region",Joint Fluid,Chemistry
942,51822,"Potassium, Joint Fluid",Joint Fluid,Chemistry
943,51823,"Sodium, Joint Fluid",Joint Fluid,Chemistry
944,51824,"Triglycerides, Joint Fluid",Joint Fluid,Chemistry
945,51825,"Urea Nitrogen, Joint Fluid",Joint Fluid,Chemistry
946,51826,"Uric Acid, Joint Fluid",Joint Fluid,Chemistry
947,51827,Voided Specimen,Joint Fluid,Chemistry
948,51828,Voided Specimen,Bone Marrow,Chemistry
949,51829,72 Hr Fat,Other Body Fluid,Chemistry
950,51830,Acid BAO,Other Body Fluid,Chemistry
951,51831,Acid MAO,Other Body Fluid,Chemistry
952,51833,"AFP, Amniotic Fluid",Other Body Fluid,Chemistry
953,51834,"AFP, Body Fluid",Other Body Fluid,Chemistry
954,51835,(Albumi,Other Body Fluid,Chemistry
955,51836,<Albumin>,Other Body Fluid,Chemistry
956,51837,Alpha-1,Other Body Fluid,Chemistry
957,51838,Alpha-2,Other Body Fluid,Chemistry
958,51839,Anat Path Hold,Other Body Fluid,Chemistry
959,51840,Beta,Other Body Fluid,Chemistry
960,51841,"Blood, Occult",Other Body Fluid,Chemistry
961,51842,Bun,Other Body Fluid,Chemistry
962,51843,C. diff PCR,Other Body Fluid,Chemistry
963,51844,C diff Toxin Antigen Assay,Other Body Fluid,Chemistry
964,51846,Chlamydia trachomatis,Other Body Fluid,Chemistry
965,51847,Clostrid,Other Body Fluid,Chemistry
966,51854,Cryptococ,Other Body Fluid,Chemistry
967,51855,"DSPC, Amniotic Fluid",Other Body Fluid,Chemistry
968,51856,Epr,Other Body Fluid,Chemistry
969,51857,Fl Scan,Other Body Fluid,Chemistry
970,51858,HIV 1 Viral Load,Other Body Fluid,Chemistry
971,51861,"Immunoelectrophoresis, Fluid",Other Body Fluid,Chemistry
972,51862,"Immunoglobulin G, Body Fluid",Other Body Fluid,Chemistry
973,51864,Influenza A by PCR,Other Body Fluid,Chemistry
974,51865,Influenza A by PCR,Other Body Fluid,Chemistry
975,51869,"Influenza A, Rapid Antigen",Other Body Fluid,Chemistry
976,51870,"Influenza A, Rapid Antigen",Other Body Fluid,Chemistry
977,51872,Influenza B by PCR,Other Body Fluid,Chemistry
978,51873,Influenza B by PCR,Other Body Fluid,Chemistry
979,51874,"Influenza B, Rapid Antigen",Other Body Fluid,Chemistry
980,51875,"Influenza B, Rapid Antigen",Other Body Fluid,Chemistry
981,51876,"L/S Ratio, Amniotic Fluid",Other Body Fluid,Chemistry
982,51877,MRSA PCR,Other Body Fluid,Chemistry
983,51879,Neisseria gonorrhoeae,Other Body Fluid,Chemistry
984,51880,Norovirus Genogroup I,Other Body Fluid,Chemistry
985,51881,Norovirus Genogroup II,Other Body Fluid,Chemistry
986,51882,O & P,Other Body Fluid,Chemistry
987,51887,"PEP, Body Fluid",Other Body Fluid,Chemistry
988,51888,"PEP, Body Fluid, Gamma Region",Other Body Fluid,Chemistry
989,51889,Phosphatidylglycerol,Other Body Fluid,Chemistry
990,51893,Staph aureus PCR,Other Body Fluid,Chemistry
991,51894,"Strep A, Rapid Antigen",Other Body Fluid,Chemistry
992,51895,"Strep A, Rapid Antigen",Other Body Fluid,Chemistry
993,51896,Sudan Stain,Other Body Fluid,Chemistry
994,51897,Surfactant/Albumin,Other Body Fluid,Chemistry
995,51898,Surf/Alb,Other Body Fluid,Chemistry
996,51899,Trichomonas vaginalis,Other Body Fluid,Chemistry
997,51900,"Uric Acid, Body Fluid",Other Body Fluid,Chemistry
998,51901,Voided Specimen,Other Body Fluid,Chemistry
999,51902,Vpf,Other Body Fluid,Chemistry
1000,51903,PAN1,Other Body Fluid,Chemistry
1001,51904,PAN2,Other Body Fluid,Chemistry
1002,51905, ,Other Body Fluid,Chemistry
1003,51906,reuse,Other Body Fluid,Chemistry
1004,51907,reuse1,Other Body Fluid,Chemistry
1005,51910,(Albumin),Pleural,Chemistry
1006,51911,Alpha-1,Pleural,Chemistry
1007,51912,Alpha-2,Pleural,Chemistry
1008,51913,Beta,Pleural,Chemistry
1009,51914,Clostrid,Pleural,Chemistry
1010,51915,Cryptococ,Pleural,Chemistry
1011,51916,Fl Scan,Pleural,Chemistry
1012,51917,"Immunoelectrophoresis, Pleural",Pleural,Chemistry
1013,51918,"Immunoglobulin G, Pleural",Pleural,Chemistry
1014,51919,"Osmolality, Pleural",Pleural,Chemistry
1015,51920,"PEP, Pleural, Gamma Region",Pleural,Chemistry
1016,51921,"proBNP, Pleural",Pleural,Chemistry
1017,51922,"Urea Nitrogen, Pleural",Pleural,Chemistry
1018,51923,"Uric Acid, Pleural",Pleural,Chemistry
1019,51924,Voided Specimen,Pleural,Chemistry
1020,51925,72 Hr Fat,Stool,Chemistry
1021,51926,(Albumin),Stool,Chemistry
1022,51927,"Albumin, Stool",Stool,Chemistry
1023,51928,Alpha-1,Stool,Chemistry
1024,51929,Alpha-2,Stool,Chemistry
1025,51930,"Amylase, Stool",Stool,Chemistry
1026,51931,Beta,Stool,Chemistry
1027,51932,"Bilirubin, Total, Stool",Stool,Chemistry
1028,51933,C. diff PCR,Stool,Chemistry
1029,51934,C Diff Toxin Antigen Assay,Stool,Chemistry
1030,51935,"Cholesterol, Stool",Stool,Chemistry
1031,51936,Clostrid,Stool,Chemistry
1032,51937,"Creatinine, Stool",Stool,Chemistry
1033,51938,Cryptococ,Stool,Chemistry
1034,51939,Fl Scan,Stool,Chemistry
1035,51940,Gamma,Stool,Chemistry
1036,51941,"Glucose, Stool",Stool,Chemistry
1037,51942,"IgG, Stool",Stool,Chemistry
1038,51943,"Immunoelectrophoresis, Stool",Stool,Chemistry
1039,51944,"Lactate Dehydrogenase, Stool",Stool,Chemistry
1040,51945,Norovirus Genogroup I,Stool,Chemistry
1041,51946,Norovirus Genogroup II,Stool,Chemistry
1042,51947,O & P,Stool,Chemistry
1043,51948,Sudan Stain,Stool,Chemistry
1044,51949,"Total Protein, Stool",Stool,Chemistry
1045,51950,"Triglycerides, Stool",Stool,Chemistry
1046,51951,"Urea Nitrogen, Stool",Stool,Chemistry
1047,51952,"Uric Acid, Stool",Stool,Chemistry
1048,51953,Voided Specimen,Stool,Chemistry
1049,51954,CDT027,Stool,Chemistry
1050,51955,,Stool,Chemistry
1051,51956,CDT027,Stool,Chemistry
1052,51957,17-Hydroxycorticosteroids,Urine,Chemistry
1053,51958,"17-Ketosteroids, Urine",Urine,Chemistry
1054,51959,"5-HIAA, Urine",Urine,Chemistry
1055,51960,Aldolase,Urine,Chemistry
1056,51961,Alpha-1,Urine,Chemistry
1057,51962,Alpha-2,Urine,Chemistry
1058,51963,Amylase/Creatinine Clearance,Urine,Chemistry
1059,51964,"Amylase, Serum",Urine,Chemistry
1060,51965,Beta,Urine,Chemistry
1061,51966,Bilirubin,Urine,Chemistry
1062,51967,Blood,Urine,Chemistry
1063,51968,Camp,Urine,Chemistry
1064,51969,"Catecholamines, Urine",Urine,Chemistry
1065,51970,Cben,Urine,Chemistry
1066,51971,Ccoc,Urine,Chemistry
1067,51972,Chlamydia trachomatis,Urine,Chemistry
1068,51973,Copi,Urine,Chemistry
1069,51974,"Copper, Urine",Urine,Chemistry
1070,51975,Coproporphyrins,Urine,Chemistry
1071,51976,"Cortisol, Urine",Urine,Chemistry
1072,51977,"Creatinine, Blood",Urine,Chemistry
1073,51978,DirList,Urine,Chemistry
1074,51979,"Estriol, Urine",Urine,Chemistry
1075,51980,Fentanyl,Urine,Chemistry
1076,51981,Glucose,Urine,Chemistry
1077,51982,"Immunoelectrophoresis, Urine",Urine,Chemistry
1078,51983,"Iron, Urine",Urine,Chemistry
1079,51984,Ketone,Urine,Chemistry
1080,51985,Leukocytes,Urine,Chemistry
1081,51986,Neisseria gonorrhoeae,Urine,Chemistry
1082,51987,Nitrite,Urine,Chemistry
1083,51988,O & P,Urine,Chemistry
1084,51989,Oxycodone,Urine,Chemistry
1085,51990,"Phenothiazine Screen, Urine",Urine,Chemistry
1086,51991,"Propoxyphene, Urine",Urine,Chemistry
1087,51992,Protein,Urine,Chemistry
1088,51993,Referred,Urine,Chemistry
1089,51994,Specific Gravity,Urine,Chemistry
1090,51995,Study Urine,Urine,Chemistry
1091,51996,Trichomonas vaginalis,Urine,Chemistry
1092,51997,UIFEgel,Urine,Chemistry
1093,51998,UPEPgel,Urine,Chemistry
1094,51999,Urine Amylase,Urine,Chemistry
1095,52000,Urine  Creatinine,Urine,Chemistry
1096,52001,"Urine PEP, Gamma region",Urine,Chemistry
1097,52002,Urobilinogen,Urine,Chemistry
1098,52003,Uroporphyrins,Urine,Chemistry
1099,52004,UTX1,Urine,Chemistry
1100,52005,UTX2,Urine,Chemistry
1101,52006,UTX3,Urine,Chemistry
1102,52007,UTX4,Urine,Chemistry
1103,52008,UTX5,Urine,Chemistry
1104,52009,UTX6,Urine,Chemistry
1105,52010,UTX7,Urine,Chemistry
1106,52011,UTX8,Urine,Chemistry
1107,52012,UTX9,Urine,Chemistry
1108,52013,Vanillylmandelic Acid,Urine,Chemistry
1109,52014,Voided Specimen,Urine,Chemistry
1110,52015,Xylose,Urine,Chemistry
1111,52016,Z,Urine,Chemistry
1112,52017,"Zinc, Urine",Urine,Chemistry
1113,52018,PAN1,Urine,Chemistry
1114,52019,PAN2,Urine,Chemistry
1115,52020,UTX10,Urine,Chemistry
1116,52021,Abz,Blood,Blood Gas
1117,52022,"Albumin, Blood",Blood,Blood Gas
1118,52023,Assist/Control,Blood,Blood Gas
1119,52024,"Creatinine, Whole Blood",Blood,Blood Gas
1120,52025,Delete,Blood,Blood Gas
1121,52026,Estimated GFR (MDRD equation),Blood,Blood Gas
1122,52027,"Glucose, Whole Blood",Blood,Blood Gas
1123,52028,Hematocrit,Blood,Blood Gas
1124,52029,% Ionized Calcium,Blood,Blood Gas
1125,52030,Lithium,Blood,Blood Gas
1126,52031,Osmolality,Blood,Blood Gas
1127,52032,P50 of Hemoglobin,Blood,Blood Gas
1128,52033,Specimen Type,Blood,Blood Gas
1129,52034,Total Calcium,Blood,Blood Gas
1130,52035,Total Calcium,Blood,Blood Gas
1131,52036,Voided Specimen,Blood,Blood Gas
1132,52037,WB tCO2,Blood,Blood Gas
1133,52038,Base Excess,Fluid,Blood Gas
1134,52039,Calculated Bicarbonate,Fluid,Blood Gas
1135,52040,pCO2,Fluid,Blood Gas
1136,52041,pH,Fluid,Blood Gas
1137,52042,pO2,Fluid,Blood Gas
1138,52043,Voided Specimen,Other Body Fluid,Blood Gas
1139,52044,"Osmolality, Urine",Urine,Blood Gas
1140,52045,"pH, Urine",Urine,Blood Gas
1141,52046,"Potassium, Urine",Urine,Blood Gas
1142,52047,"Sodium, Urine",Urine,Blood Gas
1143,52048,Atyps#,Ascites,Hematology
1144,52049,Bands#,Ascites,Hematology
1145,52050,Basos#,Ascites,Hematology
1146,52051,Blasts#,Ascites,Hematology
1147,52052,Eos#,Ascites,Hematology
1148,52053,Histio#,Ascites,Hematology
1149,52054,Histiocyte,Ascites,Hematology
1150,52055,Hyperseg,Ascites,Hematology
1151,52056,Hyperseg#,Ascites,Hematology
1152,52057,Lymphs#,Ascites,Hematology
1153,52058,Metas#,Ascites,Hematology
1154,52059,Monos#,Ascites,Hematology
1155,52060,Myelos#,Ascites,Hematology
1156,52061,Nuc Rbcs#,Ascites,Hematology
1157,52062,Plasma#,Ascites,Hematology
1158,52063,Polys#,Ascites,Hematology
1159,52064,Promyelo#,Ascites,Hematology
1160,52065,"Total Nucleated Cells, Ascites",Ascites,Hematology
1161,52066,Voided Specimen,Ascites,Hematology
1162,52067,Young#,Ascites,Hematology
1163,52068,24 Hr,Blood,Hematology
1164,52069,Absolute Basophil Count,Blood,Hematology
1165,52070,Absolute CD19 Count,Blood,Hematology
1166,52071,Absolute CD20 Count,Blood,Hematology
1167,52072,Absolute CD56 Count,Blood,Hematology
1168,52073,Absolute Eosinophil Count,Blood,Hematology
1169,52074,Absolute Monocyte Count,Blood,Hematology
1170,52075,Absolute Neutrophil Count,Blood,Hematology
1171,52076,Acid Phosphatase Stain,Blood,Hematology
1172,52077,Acidserum,Blood,Hematology
1173,52078,Antithrombin III,Blood,Hematology
1174,52079,ASA Tol,Blood,Hematology
1175,52080,Asd,Blood,Hematology
1176,52081,ASD & NA-F,Blood,Hematology
1177,52082,Aspirin Reactivity,Blood,Hematology
1178,52083,Autohem+g,Blood,Hematology
1179,52084,Autohem-g,Blood,Hematology
1180,52085,Bleed Tm,Blood,Hematology
1181,52086,Bleed Tm,Blood,Hematology
1182,52087,CD15/56,Blood,Hematology
1183,52088,CD 1a,Blood,Hematology
1184,52089,CD30,Blood,Hematology
1185,52090,CD42,Blood,Hematology
1186,52091,CD52,Blood,Hematology
1187,52092,CD56 %,Blood,Hematology
1188,52093,CD56 Absolute Count,Blood,Hematology
1189,52094,CD61,Blood,Hematology
1190,52095,CD62,Blood,Hematology
1191,52096,Chloroacetate,Blood,Hematology
1192,52097,Circ Ab,Blood,Hematology
1193,52098,Clot Lysis,Blood,Hematology
1194,52099,Clot Retraction,Blood,Hematology
1195,52100,Clot Time,Blood,Hematology
1196,52101,Cr,Blood,Hematology
1197,52102,Crenated Cells,Blood,Hematology
1198,52103,Cross Imm,Blood,Hematology
1199,52104,Cryoglob,Blood,Hematology
1200,52105,Direct Antiplatelet Antibodies,Blood,Hematology
1201,52106,Donath-l,Blood,Hematology
1202,52107,dRVVT - Confirmation,Blood,Hematology
1203,52108,dRVVT - Normalized Ratio,Blood,Hematology
1204,52109,dRVVT - Screen,Blood,Hematology
1205,52110,DSmear,Blood,Hematology
1206,52111,Echinocytes,Blood,Hematology
1207,52112,Euglobulin Lysis,Blood,Hematology
1208,52113,Factor IX Inhibitor,Blood,Hematology
1209,52114,Factor VIII Antigen,Blood,Hematology
1210,52115,Fibrinoge,Blood,Hematology
1211,52116,Fibrinogen,Blood,Hematology
1212,52117,"Fibrinogen, Immunologic",Blood,Hematology
1213,52119,Fitzgerld,Blood,Hematology
1214,52120,Fitzgerld,Blood,Hematology
1215,52121,Fletcher,Blood,Hematology
1216,52122,Fsp,Blood,Hematology
1217,52123,"G6PD, Qualitative",Blood,Hematology
1218,52124,G6pd Spec,Blood,Hematology
1219,52125,Glutathione,Blood,Hematology
1220,52126,Heinz Aph,Blood,Hematology
1221,52127,Helmet Cells,Blood,Hematology
1222,52128,Hemoglobin H Inclusion,Blood,Hematology
1223,52129,Hemoglobin Other,Blood,Hematology
1224,52130,Histiocytes,Blood,Hematology
1225,52131,HIT-Ab Interpreted Result,Blood,Hematology
1226,52132,HIT-Ab Numerical Result,Blood,Hematology
1227,52133,Hmwk,Blood,Hematology
1228,52134,IG,Blood,Hematology
1229,52135,Immature Granulocytes,Blood,Hematology
1230,52136,Inhibitor,Blood,Hematology
1231,52137,Inh Scr,Blood,Hematology
1232,52138,Kct,Blood,Hematology
1233,52139,LE Prep,Blood,Hematology
1234,52140,LS,Blood,Hematology
1235,52141,Malaria Smear,Blood,Hematology
1236,52142,Mean Platelet Volume,Blood,Hematology
1237,52143,Methemalb,Blood,Hematology
1238,52144,Methemoglobin,Blood,Hematology
1239,52145,Mono Spot Test,Blood,Hematology
1240,52146,Naphtol Acetate Stain,Blood,Hematology
1241,52147,NEUTX,Blood,Hematology
1242,52148,NEUTY,Blood,Hematology
1243,52149,NFletcher,Blood,Hematology
1244,52150,Non-Specific Esterase,Blood,Hematology
1245,52151,NRBC,Blood,Hematology
1246,52152,"Osmotic Fragility, Incubated",Blood,Hematology
1247,52153,Other Inhibitor,Blood,Hematology
1248,52154,P2Y12 Reaction Units,Blood,Hematology
1249,52155,Periodic Acid Schiff Stain,Blood,Hematology
1250,52156,Peroxidase Staining,Blood,Hematology
1251,52157,Plasma Hemoglobin,Blood,Hematology
1252,52158,Plasminogen,Blood,Hematology
1253,52159,Platelet Aggregation,Blood,Hematology
1254,52160,Prekallekrein,Blood,Hematology
1255,52161,Problem Specimen,Blood,Hematology
1256,52162,Protein S,Blood,Hematology
1257,52163,PT Control,Blood,Hematology
1258,52164,PT Mean,Blood,Hematology
1259,52165,PTT Control,Blood,Hematology
1260,52166,PTT-LA,Blood,Hematology
1261,52167,PTT mea,Blood,Hematology
1262,52168,Pyruvate Kinase,Blood,Hematology
1263,52169,QFib,Blood,Hematology
1264,52170, Rbc,Blood,Hematology
1265,52171,RBC Morphology,Blood,Hematology
1266,52172,RDW-SD,Blood,Hematology
1267,52173,Red Blood Cell Enzyme,Blood,Hematology
1268,52174,"Reptilase Time, Control",Blood,Hematology
1269,52175,Ristocetin Response,Blood,Hematology
1270,52176,Rouleaux,Blood,Hematology
1271,52177,SCT - Confirmation,Blood,Hematology
1272,52178,SCT - Normalized Ratio,Blood,Hematology
1273,52179,SCT - Screen,Blood,Hematology
1274,52180,STA-CLOT,Blood,Hematology
1275,52181,Stomatocyte,Blood,Hematology
1276,52182,Sudan Black Staining,Blood,Hematology
1277,52183,Sulf Hgb,Blood,Hematology
1278,52184,TCR Alpha-Beta,Blood,Hematology
1279,52185,TCR Gamma-Delta,Blood,Hematology
1280,52186,Test,Blood,Hematology
1281,52187,Thrombin Time,Blood,Hematology
1282,52188,Thrombin Time Control,Blood,Hematology
1283,52189,Thrombin Time Control,Blood,Hematology
1284,52190,Tissue Thromboplastin Inhibitor,Blood,Hematology
1285,52191,Tr- Acid,Blood,Hematology
1286,52192,Trap Stain,Blood,Hematology
1287,52193,Viii Ag,Blood,Hematology
1288,52194,VIII-CIE,Blood,Hematology
1289,52195,Voided Specimen,Blood,Hematology
1290,52196,WAM Manual Diff,Blood,Hematology
1291,52197,WAM MANUAL DIFF 2,Blood,Hematology
1292,52198,ErytFlg,Blood,Hematology
1293,52199,FragFlg,Blood,Hematology
1294,52200,PltDist,Blood,Hematology
1295,52201,PltScat,Blood,Hematology
1296,52202,PltClmp,Blood,Hematology
1297,52203,RBCAgg,Blood,Hematology
1298,52204,RBCDist,Blood,Hematology
1299,52205,RetScat,Blood,Hematology
1300,52206,RetFlg,Blood,Hematology
1301,52207,TurbHbI,Blood,Hematology
1302,52208,BasoFlg,Blood,Hematology
1303,52209,EosFlg,Blood,Hematology
1304,52210,LeftShf,Blood,Hematology
1305,52211,LymFlg,Blood,Hematology
1306,52212,MonoFlg,Blood,Hematology
1307,52213,NRBCFlg,Blood,Hematology
1308,52214,AbnLymp,Blood,Hematology
1309,52215,ATLFlg,Blood,Hematology
1310,52216,BlasFlg,Blood,Hematology
1311,52217,Bl/AbLy,Blood,Hematology
1312,52218,IG Flg,Blood,Hematology
1313,52219,WBCScat,Blood,Hematology
1314,52220,wbcp,Blood,Hematology
1315,52221,Atypical Lymphocytes,Cerebrospinal Fluid,Hematology
1316,52222,Atyps#,Cerebrospinal Fluid,Hematology
1317,52223,Bands,Cerebrospinal Fluid,Hematology
1318,52224,Bands#,Cerebrospinal Fluid,Hematology
1319,52225,Basophils,Cerebrospinal Fluid,Hematology
1320,52226,Basos#,Cerebrospinal Fluid,Hematology
1321,52227,Blasts,Cerebrospinal Fluid,Hematology
1322,52228,Blasts#,Cerebrospinal Fluid,Hematology
1323,52229,Delete,Cerebrospinal Fluid,Hematology
1324,52230,Delete,Cerebrospinal Fluid,Hematology
1325,52231,Delete,Cerebrospinal Fluid,Hematology
1326,52232,Delete,Cerebrospinal Fluid,Hematology
1327,52233,Delete,Cerebrospinal Fluid,Hematology
1328,52234,Delete,Cerebrospinal Fluid,Hematology
1329,52235,Delete,Cerebrospinal Fluid,Hematology
1330,52236,Delete,Cerebrospinal Fluid,Hematology
1331,52237,Delete,Cerebrospinal Fluid,Hematology
1332,52238,Delete,Cerebrospinal Fluid,Hematology
1333,52239,Delete,Cerebrospinal Fluid,Hematology
1334,52240,Delete,Cerebrospinal Fluid,Hematology
1335,52241,Delete,Cerebrospinal Fluid,Hematology
1336,52242,Delete,Cerebrospinal Fluid,Hematology
1337,52243,Delete,Cerebrospinal Fluid,Hematology
1338,52244,Delete,Cerebrospinal Fluid,Hematology
1339,52245,Delete,Cerebrospinal Fluid,Hematology
1340,52246,Delete,Cerebrospinal Fluid,Hematology
1341,52247,Delete,Cerebrospinal Fluid,Hematology
1342,52248,Delete,Cerebrospinal Fluid,Hematology
1343,52249,Delete,Cerebrospinal Fluid,Hematology
1344,52250,Delete,Cerebrospinal Fluid,Hematology
1345,52251,Delete,Cerebrospinal Fluid,Hematology
1346,52252,Delete,Cerebrospinal Fluid,Hematology
1347,52253,Delete,Cerebrospinal Fluid,Hematology
1348,52254,Delete,Cerebrospinal Fluid,Hematology
1349,52255,Eos#,Cerebrospinal Fluid,Hematology
1350,52256,Eosinophils,Cerebrospinal Fluid,Hematology
1351,52257,"Hematocrit, CSF",Cerebrospinal Fluid,Hematology
1352,52258,Histiocyte,Cerebrospinal Fluid,Hematology
1353,52260,Hypersegmented Neutrophils,Cerebrospinal Fluid,Hematology
1354,52261,Hypersegmented Neutrophils #,Cerebrospinal Fluid,Hematology
1355,52262,Immunophenotyping,Cerebrospinal Fluid,Hematology
1356,52263,Lining Cell,Cerebrospinal Fluid,Hematology
1357,52264,Lymphs,Cerebrospinal Fluid,Hematology
1358,52265,Lymphs#,Cerebrospinal Fluid,Hematology
1359,52266,Macrophage,Cerebrospinal Fluid,Hematology
1360,52267,Macrophage#,Cerebrospinal Fluid,Hematology
1361,52268,Mesothelial cells,Cerebrospinal Fluid,Hematology
1362,52269,Mesothelial cells #,Cerebrospinal Fluid,Hematology
1363,52270,Metamyelocytes,Cerebrospinal Fluid,Hematology
1364,52271,Metas#,Cerebrospinal Fluid,Hematology
1365,52272,Monocytes,Cerebrospinal Fluid,Hematology
1366,52273,Monos#,Cerebrospinal Fluid,Hematology
1367,52274,Myelocytes,Cerebrospinal Fluid,Hematology
1368,52276,NRBC,Cerebrospinal Fluid,Hematology
1369,52277,NRBC#,Cerebrospinal Fluid,Hematology
1370,52278,Other,Cerebrospinal Fluid,Hematology
1371,52279,Plasma,Cerebrospinal Fluid,Hematology
1372,52280,Plasma#,Cerebrospinal Fluid,Hematology
1373,52281,Polys,Cerebrospinal Fluid,Hematology
1374,52282,Polys#,Cerebrospinal Fluid,Hematology
1375,52283,Promyelocytes,Cerebrospinal Fluid,Hematology
1376,52284,Promyelocytes#,Cerebrospinal Fluid,Hematology
1377,52285,"RBC, CSF",Cerebrospinal Fluid,Hematology
1378,52286,"Total Nucleated Cells, CSF",Cerebrospinal Fluid,Hematology
1379,52287,Voided Specimen,Cerebrospinal Fluid,Hematology
1380,52288,Young,Cerebrospinal Fluid,Hematology
1381,52289,Young#,Cerebrospinal Fluid,Hematology
1382,52290,Dna,I,Hematology
1383,52291,Atyps#,Joint Fluid,Hematology
1384,52292,Bands#,Joint Fluid,Hematology
1385,52293,Basos#,Joint Fluid,Hematology
1386,52294,Blasts,Joint Fluid,Hematology
1387,52295,Blasts#,Joint Fluid,Hematology
1388,52296,Eos#,Joint Fluid,Hematology
1389,52297,Histio#,Joint Fluid,Hematology
1390,52298,Histiocyte,Joint Fluid,Hematology
1391,52299,Hypersegmented Neutrophils,Joint Fluid,Hematology
1392,52300,Hypersegmented Neutrophils #,Joint Fluid,Hematology
1393,52301,Lining Cell,Joint Fluid,Hematology
1394,52302,Lymphs#,Joint Fluid,Hematology
1395,52303,Metas#,Joint Fluid,Hematology
1396,52304,Monos#,Joint Fluid,Hematology
1397,52305,Myelocytes,Joint Fluid,Hematology
1398,52306,Myelos#,Joint Fluid,Hematology
1399,52307,Plasma,Joint Fluid,Hematology
1400,52308,Plasma#,Joint Fluid,Hematology
1401,52309,Polys#,Joint Fluid,Hematology
1402,52310,Promyelo#,Joint Fluid,Hematology
1403,52311,Promyelocytes,Joint Fluid,Hematology
1404,52312,"Total Nucleated Cells, Joint",Joint Fluid,Hematology
1405,52313,Voided Specimen,Joint Fluid,Hematology
1406,52314,Young,Joint Fluid,Hematology
1407,52315,Young#,Joint Fluid,Hematology
1408,52316,Acid Phosphatase Stain,Bone Marrow,Hematology
1409,52317,Asd,Bone Marrow,Hematology
1410,52318,Asd&na-f,Bone Marrow,Hematology
1411,52319,CD 1a,Bone Marrow,Hematology
1412,52320,CD30,Bone Marrow,Hematology
1413,52321,CD42,Bone Marrow,Hematology
1414,52322,CD52,Bone Marrow,Hematology
1415,52323,CD61,Bone Marrow,Hematology
1416,52324,CD62,Bone Marrow,Hematology
1417,52325,Chloroacetate Esterase,Bone Marrow,Hematology
1418,52326,Naphthol Acetate Stain,Bone Marrow,Hematology
1419,52327,Naphthol Butryrate,Bone Marrow,Hematology
1420,52328,Periodic Schiff Stain,Bone Marrow,Hematology
1421,52329,Peroxidase Stain,Bone Marrow,Hematology
1422,52330,Sudan Black Stain,Bone Marrow,Hematology
1423,52331,TCR Alpha-Beta,Bone Marrow,Hematology
1424,52332,TCR Gamma-Delta,Bone Marrow,Hematology
1425,52333,Tr-acid,Bone Marrow,Hematology
1426,52334,Voided Specimen,Bone Marrow,Hematology
1427,52335,TdT,Bone Marrow,Hematology
1428,52336,Atyps#,Other Body Fluid,Hematology
1429,52337,Bands#,Other Body Fluid,Hematology
1430,52338,Basos#,Other Body Fluid,Hematology
1431,52339,Blasts,Other Body Fluid,Hematology
1432,52340,Blasts#,Other Body Fluid,Hematology
1433,52341,CD 1a,Other Body Fluid,Hematology
1434,52342,CD30,Other Body Fluid,Hematology
1435,52343,CD42,Other Body Fluid,Hematology
1436,52344,CD52,Other Body Fluid,Hematology
1437,52345,CD55,Other Body Fluid,Hematology
1438,52346,CD59,Other Body Fluid,Hematology
1439,52347,CD61,Other Body Fluid,Hematology
1440,52348,CD62,Other Body Fluid,Hematology
1441,52349,Chloroac,Other Body Fluid,Hematology
1442,52350,Eos#,Other Body Fluid,Hematology
1443,52351,Fetal Hgb,Other Body Fluid,Hematology
1444,52352,FETAL LUNG MATURITY - LBC,Other Body Fluid,Hematology
1445,52353,Histiocyte#,Other Body Fluid,Hematology
1446,52354,Histiocytes,Other Body Fluid,Hematology
1447,52355,Hypersegmented Neutrophils,Other Body Fluid,Hematology
1448,52356,Hypersegmented Neutrophils#,Other Body Fluid,Hematology
1449,52357,Iron,Other Body Fluid,Hematology
1450,52358,Lining Cell,Other Body Fluid,Hematology
1451,52359,Lymphs#,Other Body Fluid,Hematology
1452,52360,Metamyelocytes#,Other Body Fluid,Hematology
1453,52361,Monos#,Other Body Fluid,Hematology
1454,52362,Myelos#,Other Body Fluid,Hematology
1455,52363,NRBC#,Other Body Fluid,Hematology
1456,52364,Plasma#,Other Body Fluid,Hematology
1457,52365,Polys#,Other Body Fluid,Hematology
1458,52366,Promyelocyte#,Other Body Fluid,Hematology
1459,52367,TCR Alpha-Beta,Other Body Fluid,Hematology
1460,52368,TCR Gamma-Delta,Other Body Fluid,Hematology
1461,52369,"Total Nucleated Cells, Other",Other Body Fluid,Hematology
1462,52370,Voided Specimen,Other Body Fluid,Hematology
1463,52371,Young,Other Body Fluid,Hematology
1464,52372,Young#,Other Body Fluid,Hematology
1465,52373,TdT,Other Body Fluid,Hematology
1466,52374,,Other Body Fluid,Hematology
1467,52375,Atyps#,Pleural,Hematology
1468,52376,Bands#,Pleural,Hematology
1469,52377,Basos#,Pleural,Hematology
1470,52378,Blasts#,Pleural,Hematology
1471,52379,Eos#,Pleural,Hematology
1472,52380,Histiocyte#,Pleural,Hematology
1473,52381,Histiocytes,Pleural,Hematology
1474,52382,Hypersegmented  Neutrophils#,Pleural,Hematology
1475,52383,Hypersegmented Neutrophils,Pleural,Hematology
1476,52384,Lymphs#,Pleural,Hematology
1477,52385,Metas#,Pleural,Hematology
1478,52386,Monos#,Pleural,Hematology
1479,52387,Myelos#,Pleural,Hematology
1480,52388,Plasma#,Pleural,Hematology
1481,52389,Polys#,Pleural,Hematology
1482,52390,Promyelocytes#,Pleural,Hematology
1483,52391,"Total Nucleated Cells, Pleural",Pleural,Hematology
1484,52392,Voided Specimen,Pleural,Hematology
1485,52393,Young#,Pleural,Hematology
1486,52394,FL1-D,Q,Hematology
1487,52395,FL1-%FL2,Q,Hematology
1488,52396,FL1-S,Q,Hematology
1489,52397,FL2-D,Q,Hematology
1490,52398,FL2-%FL1,Q,Hematology
1491,52399,FL2-S,Q,Hematology
1492,52400,FSC-S,Q,Hematology
1493,52401,SSC-D,Q,Hematology
1494,52402,SSC-S,Q,Hematology
1495,52403,Bile,Stool,Hematology
1496,52404,Fat,Stool,Hematology
1497,52405,Prblm,Stool,Hematology
1498,52406,Voided Specimen,Stool,Hematology
1499,52407,WBC,Stool,Hematology
1500,52408,Bacturia,Urine,Hematology
1501,52409,Budding Yeast,Urine,Hematology
1502,52410,Fatty Casts,Urine,Hematology
1503,52411,Hgb,Urine,Hematology
1504,52412,HPF,Urine,Hematology
1505,52413,Leuks,Urine,Hematology
1506,52414,LEUKS,Urine,Hematology
1507,52415,LPF,Urine,Hematology
1508,52416,Myoglobin,Urine,Hematology
1509,52417,Pku,Urine,Hematology
1510,52418,Problem Specimen,Urine,Hematology
1511,52419,Voided Specimen,Urine,Hematology
1512,52420,ZZDUMMY,Urine,Hematology
1513,52421,GATE,Urine,Hematology
1514,52422,RUN,Urine,Hematology
1515,52423,SKIP,Urine,Hematology
1516,52424,RFXUCU,Urine,Hematology
1517,52425,XUCU,Urine,Hematology
1518,52426,UCU1,Urine,Hematology
1519,52427,UCU2,Urine,Hematology
1520,52434,"Chloride, Whole Blood",Blood,Blood Gas
1521,52442,Lactate,Blood,Blood Gas
1522,52452,"Potassium, Whole Blood",Blood,Blood Gas
1523,52455,"Sodium, Whole Blood",Blood,Blood Gas
1524,52500,Anion Gap,Blood,Chemistry
1525,52535,Chloride,Blood,Chemistry
1526,52546,Creatinine,Blood,Chemistry
1527,52548,Cryoglobulin,Blood,Chemistry
1528,52551,D-Dimer,Blood,Chemistry
1529,52562,Folate,Blood,Chemistry
1530,52569,Glucose,Blood,Chemistry
1531,52610,Potassium,Blood,Chemistry
1532,52623,Sodium,Blood,Chemistry
1533,52642,Troponin I,Blood,Chemistry
1534,52647,Urea Nitrogen,Blood,Chemistry
1535,52703,"Albumin, Urine",Urine,Chemistry
1536,52720,"HCG, Urine, Qualitative",Urine,Chemistry
1537,52730,pH,Urine,Chemistry
1538,52769,Absolute Lymphocyte Count,Blood,Hematology
1539,52786,Bleeding Time,Blood,Hematology
1540,52838,Factor II,Blood,Hematology
1541,52840,Factor IX,Blood,Hematology
1542,52842,Factor V,Blood,Hematology
1543,52844,Factor VII,Blood,Hematology
1544,52846,Factor VIII,Blood,Hematology
1545,52849,Factor X,Blood,Hematology
1546,52851,Factor XI,Blood,Hematology
1547,52853,Factor XII,Blood,Hematology
1548,52855,Factor XIII,Blood,Hematology
1549,52858,Fibrin Degradation Products,Blood,Hematology
1550,52889,Lupus Anticoagulant,Blood,Hematology
1551,52921,PT,Blood,Hematology
1552,52923,PTT,Blood,Hematology
1553,52929,Reptilase Time,Blood,Hematology
1554,52934,"Reticulocyte Count, Manual",Blood,Hematology
1555,52948,Thrombin,Blood,Hematology
1556,52955,CD10,Bone Marrow,Hematology
1557,52992,Iron Stain,Bone Marrow,Hematology
1558,53012,NRBC,Joint Fluid,Hematology
1559,53083,NRBC,Pleural,Hematology
1560,53084,Alanine Aminotransferase,Blood,Chemistry
1561,53085,Albumin,Blood,Chemistry
1562,53086,Alkaline Phosphatase,Blood,Chemistry
1563,53087,Amylase,Blood,Chemistry
1564,53088,Asparate Aminotransferase,Blood,Chemistry
1565,53089,"Bilirubin, Total",Blood,Chemistry
1566,53093,Gamma Glutamyltranferase,Blood,Chemistry
1567,53094,HBV VL CT,Blood,Chemistry
1568,53095,Lyme VsIE/PepC10 Antibody,Blood,Chemistry
1569,53096,"Protein, Total",Blood,Chemistry
1570,53097,COV10,Other Body Fluid,Chemistry
1571,53098,COV11,Other Body Fluid,Chemistry
1572,53099,COV12,Other Body Fluid,Chemistry
1573,53100,COV13,Other Body Fluid,Chemistry
1574,53104,"COVID-19, RAPID ANTIGEN",Other Body Fluid,Chemistry
1575,53105,E GENE CT,Other Body Fluid,Chemistry
1576,53106,E GENE ENDPT,Other Body Fluid,Chemistry
1577,53107,FLUA1,Other Body Fluid,Chemistry
1578,53108,FLUA2,Other Body Fluid,Chemistry
1579,53109,FLUB1,Other Body Fluid,Chemistry
1580,53110,FLUB2,Other Body Fluid,Chemistry
1581,53111,N2 GENE CT,Other Body Fluid,Chemistry
1582,53112,N2 GENE ENDPT,Other Body Fluid,Chemistry
1583,53113,Rapid Respiratory Syncytial Virus,Other Body Fluid,Chemistry
1584,53114,RSV1,Other Body Fluid,Chemistry
1585,53115,RSV2,Other Body Fluid,Chemistry
1586,53116,(Albumin),Ascites,Chemistry
1587,53117,Alpha-1,Ascites,Chemistry
1588,53118,Alpha-2,Ascites,Chemistry
1589,53119,Beta,Ascites,Chemistry
1590,53120,Clostrid,Ascites,Chemistry
1591,53121,Cryptococ,Ascites,Chemistry
1592,53122,Fl Scan,Ascites,Chemistry
1593,53123,"Immunoelectrophoresis, Ascites",Ascites,Chemistry
1594,53124,"Immunoglobulin G, Ascites",Ascites,Chemistry
1595,53125,"PEP, Ascites, Gamma Region",Ascites,Chemistry
1596,53126,"Uric Acid, Ascites",Ascites,Chemistry
1597,53127,Voided Specimen,Ascites,Chemistry
1598,53128,11-Deoxycorticosterone,Blood,Chemistry
1599,53129,3t,Blood,Chemistry
1600,53130,4t,Blood,Chemistry
1601,53131,5' Nucleotidase,Blood,Chemistry
1602,53132,Absolute Lymphocyte Count,Blood,Chemistry
1603,53133,Absolute Neutrophil,Blood,Chemistry
1604,53134,Absolute Other WBC,Blood,Chemistry
1605,53135,"Acid Phosphatase, Prostatic Fraction",Blood,Chemistry
1606,53136,Adrenocorticotrophic Hormone,Blood,Chemistry
1607,53137,Afp Mom,Blood,Chemistry
1608,53138,(Albumin),Blood,Chemistry
1609,53139,Aldosterone,Blood,Chemistry
1610,53140,Aldosterone,Blood,Chemistry
1611,53141,Alpha-1,Blood,Chemistry
1612,53142,Alpha-1-antitrypsin,Blood,Chemistry
1613,53143,Alpha-2,Blood,Chemistry
1614,53144,ANCA Titer,Blood,Chemistry
1615,53145,Anti-GBM Antibody,Blood,Chemistry
1616,53146,Anti Hav,Blood,Chemistry
1617,53147,Anti Hbc,Blood,Chemistry
1618,53148,Anti Hbe,Blood,Chemistry
1619,53149,Anti-hbs,Blood,Chemistry
1620,53150,Anti Hbs,Blood,Chemistry
1621,53151,Anti-la,Blood,Chemistry
1622,53152,HIV FINAL,Blood,Chemistry
